id,email,username,name,join_date
1,mgeistmann0@accuweather.com,mgeistmann0,Marvin Geistmann,9/30/2018 7:31
2,hchapleo1@macromedia.com,hchapleo1,Hermia Chapleo,5/31/2021 3:56
3,lvowels2@ehow.com,lvowels2,Laird Vowels,10/26/2020 18:48
4,dadelsberg3@telegraph.co.uk,dadelsberg3,Deeanne Adelsberg,9/20/2019 2:56
5,dpargeter4@lulu.com,dpargeter4,Dorelle Pargeter,8/23/2019 23:03
6,pbrecken5@mit.edu,pbrecken5,Pam Brecken,9/21/2018 2:41
7,vbarracks6@utexas.edu,vbarracks6,Virgie Barracks,2/9/2021 12:35
8,tguiness7@sphinn.com,tguiness7,Thornton Guiness,4/24/2021 15:11
9,aoverington8@blogspot.com,aoverington8,Abner Overington,4/17/2021 23:04
10,mamberger9@sun.com,mamberger9,Mead Amberger,11/18/2019 23:58
11,vgerransa@shutterfly.com,vgerransa,Vaughan Gerrans,4/24/2019 19:33
12,nkinlockb@cafepress.com,nkinlockb,Nathaniel Kinlock,6/3/2021 7:14
13,tmozzic@wired.com,tmozzic,Tommi Mozzi,12/26/2019 19:48
14,sdawtond@odnoklassniki.ru,sdawtond,Sherm Dawton,5/3/2020 13:46
15,croslene@xing.com,croslene,Chic Roslen,4/17/2019 19:47
16,lmcanenyf@whitehouse.gov,lmcanenyf,Lynn McAneny,7/7/2018 2:14
17,smulfordg@amazon.de,smulfordg,Sandor Mulford,4/26/2021 0:21
18,jcullumh@ocn.ne.jp,jcullumh,Jodie Cullum,9/8/2020 13:36
19,nphebeyi@bbb.org,nphebeyi,Noah Phebey,8/19/2019 2:11
20,twonfarj@mlb.com,twonfarj,Tucker Wonfar,3/25/2020 12:08
21,jthoulessk@i2i.jp,jthoulessk,Jasun Thouless,4/17/2020 19:40
22,bducastell@intel.com,bducastell,Bartie Ducastel,4/13/2019 9:53
23,etarbattm@fda.gov,etarbattm,Ernest Tarbatt,2/25/2021 10:10
24,kfenemoren@creativecommons.org,kfenemoren,Kayle Fenemore,5/31/2020 12:51
25,cmilstedo@topsy.com,cmilstedo,Cammy Milsted,11/23/2019 9:39
26,alep@livejournal.com,alep,Amalle Le Marchant,3/22/2021 17:31
27,fmaudeq@baidu.com,fmaudeq,Free Maude,10/21/2018 23:04
28,kramsteadr@microsoft.com,kramsteadr,Kathye Ramstead,9/5/2019 4:04
29,lboffins@google.com,lboffins,Letizia Boffin,12/13/2018 10:46
30,gmattint@dion.ne.jp,gmattint,Garrot Mattin,12/23/2018 8:52
31,hcrosonu@samsung.com,hcrosonu,Harv Croson,9/7/2020 10:13
32,ecamiliov@cdc.gov,ecamiliov,Erie Camilio,6/15/2021 13:48
33,mwerriloww@photobucket.com,mwerriloww,Moise Werrilow,1/31/2021 8:14
34,wjoostx@jalbum.net,wjoostx,Wilona Joost,8/4/2019 13:58
35,pstratherny@theatlantic.com,pstratherny,Philbert Strathern,1/13/2019 
10:28
36,mruppeliz@bluehost.com,mruppeliz,Meg Ruppeli,9/5/2020 1:32
37,zmacandrew10@freewebs.com,zmacandrew10,Zebulon MacAndrew,2/21/2021 19:10
38,kmackness11@netscape.com,kmackness11,Kiri Mackness,9/8/2018 10:01
39,ataleworth12@ftc.gov,ataleworth12,Amalia Taleworth,3/5/2019 6:32
40,talti13@si.edu,talti13,Tiertza Alti,5/5/2021 6:28
41,ctregale14@blinklist.com,ctregale14,Conant Tregale,2/20/2020 2:17
42,irotherforth15@nps.gov,irotherforth15,Iris Rotherforth,1/21/2021 16:49
43,bforson16@wikispaces.com,bforson16,Birdie Forson,7/15/2019 6:30
44,lpinn17@rambler.ru,lpinn17,Loy Pinn,10/1/2018 18:07
45,avan18@geocities.com,avan18,Agathe Van Zon,8/4/2019 4:31
46,gdinsale19@tumblr.com,gdinsale19,Gerry Dinsale,7/5/2018 9:08
47,mbritnell1a@imgur.com,mbritnell1a,Merilee Britnell,9/10/2018 19:13
48,irosewell1b@upenn.edu,irosewell1b,Isabel Rosewell,1/9/2021 13:07
49,gkeitley1c@stumbleupon.com,gkeitley1c,Gill Keitley,10/26/2018 16:15
50,hdales1d@comsenz.com,hdales1d,Hali Dales,2/1/2021 17:45
51,afrood1e@goodreads.com,afrood1e,Andie Frood,8/19/2020 12:59
52,ddoughtery1f@latimes.com,ddoughtery1f,Doris Doughtery,7/10/2020 2:52
53,dbarber1g@vk.com,dbarber1g,Dara Barber,4/8/2020 7:22
54,hmcaline1h@goo.ne.jp,hmcaline1h,Happy McAline,3/18/2021 23:28
55,lriccetti1i@weibo.com,lriccetti1i,Luciana Riccetti,1/10/2019 11:14
56,eandriss1j@meetup.com,eandriss1j,Erasmus Andriss,3/30/2019 9:31
57,ljaume1k@seesaa.net,ljaume1k,Layne Jaume,6/29/2021 5:29
58,hdilland1l@springer.com,hdilland1l,Hector Dilland,8/9/2020 22:23
59,aferrarone1m@eepurl.com,aferrarone1m,Ainslie Ferrarone,12/28/2018 15:40
60,vpye1n@multiply.com,vpye1n,Vivia Pye,11/25/2020 11:22
61,gclucas1o@shareasale.com,gclucas1o,Gustaf Clucas,6/10/2021 13:27
62,corht1p@census.gov,corht1p,Chickie Orht,9/16/2020 11:47
63,nbrogini1q@rambler.ru,nbrogini1q,Nickie Brogini,11/3/2020 18:31
64,gendrici1r@amazon.com,gendrici1r,Gay Endrici,2/13/2020 18:21
65,tspehr1s@opensource.org,tspehr1s,Thorin Spehr,9/15/2018 9:32
66,hpountney1t@google.de,hpountney1t,Helge Pountney,8/14/2018 5:16
67,cchappelow1u@ocn.ne.jp,cchappelow1u,Craig Chappelow,9/4/2020 5:17
68,lsperring1v@miitbeian.gov.cn,lsperring1v,Larry Sperring,8/24/2018 23:17
69,tmccrie1w@howstuffworks.com,tmccrie1w,Tome McCrie,4/18/2020 4:48
70,plowell1x@over-blog.com,plowell1x,Petronella Lowell,2/4/2019 5:46
71,mjoist1y@virginia.edu,mjoist1y,Morley Joist,9/27/2018 18:37
72,gmonkton1z@ebay.co.uk,gmonkton1z,Gladys Monkton,8/28/2019 9:42
73,bwhitnall20@lulu.com,bwhitnall20,Bill Whitnall,4/7/2019 10:16
74,hmcallister21@microsoft.com,hmcallister21,Harrie McAllister,11/24/2019 
19:36
75,cbandt22@mayoclinic.com,cbandt22,Cyrill Bandt,1/21/2019 17:31
76,pkeford23@cbsnews.com,pkeford23,Panchito Keford,10/4/2018 16:04
77,jjosephov24@ocn.ne.jp,jjosephov24,Juliana Josephov,10/6/2020 20:54
78,sohalloran25@google.com.br,sohalloran25,Shari O'Halloran,7/17/2019 6:07
79,dlambie26@opensource.org,dlambie26,Domingo Lambie,4/19/2020 18:12
80,cgisburn27@is.gd,cgisburn27,Carleton Gisburn,6/26/2020 9:09
81,dgumey28@over-blog.com,dgumey28,Derby Gumey,11/1/2018 22:41
82,fhillaby29@mail.ru,fhillaby29,Filip Hillaby,1/4/2021 18:59
83,gakehurst2a@tamu.edu,gakehurst2a,Gottfried Akehurst,11/15/2020 15:27
84,mlentsch2b@theguardian.com,mlentsch2b,Moll Lentsch,4/25/2019 21:22
85,apiatti2c@github.com,apiatti2c,Avril Piatti,4/11/2021 13:45
86,sginnane2d@cbsnews.com,sginnane2d,Saxe Ginnane,7/11/2019 15:47
87,cmaple2e@wikimedia.org,cmaple2e,Camella Maple,7/1/2020 5:20
88,pboraston2f@parallels.com,pboraston2f,Pauly Boraston,6/12/2021 3:35
89,anys2g@miibeian.gov.cn,anys2g,Ashley Nys,12/4/2020 5:13
90,wbiggs2h@clickbank.net,wbiggs2h,Waiter Biggs,1/13/2020 0:23
91,labramsky2i@merriam-webster.com,labramsky2i,Leanna Abramsky,11/14/2019 
12:19
92,irichard2j@geocities.com,irichard2j,Ignatius Richard,4/11/2021 11:40
93,iodocherty2k@digg.com,iodocherty2k,Ivett O'Docherty,11/20/2020 7:17
94,whuge2l@bloglines.com,whuge2l,Wylie Huge,10/24/2019 15:10
95,mmatovic2m@microsoft.com,mmatovic2m,Marylee Matovic,8/16/2018 0:38
96,lbasso2n@ovh.net,lbasso2n,Linea Basso,10/13/2020 0:25
97,efeatherstonhaugh2o@hp.com,efeatherstonhaugh2o,Ellen 
Featherstonhaugh,2/14/2019 7:02
98,ethorsen2p@meetup.com,ethorsen2p,Eleanore Thorsen,6/20/2021 11:07
99,lshadfourth2q@cisco.com,lshadfourth2q,Lolita Shadfourth,10/25/2020 4:19
100,wsherar2r@kickstarter.com,wsherar2r,Wendeline Sherar,9/30/2018 17:27
